ID, Nombre, Apellido paterno, Apellido materno, Fecha de nacimiento, Telefono, Categoria, Bounce funnel, Campaign, Gclid, Source, Medium, email, auto_year, model_brand_version
37BBBBB00562971,Rodrigo,Posadas,,25/06/1982,5554347261,annual,2 - /sms,0523_aon_tr_pf_na,DIRECT,cybba,affiliates,rodri82@gmail.com,,
37BBBBB00562974,Jorge,Oro,,14/02/1962,9841886369,amex_guard,/amex-guard,0521_ao_gd_com,Cj0KCQjw2qKmBhCfARIsAFy8buJqaGJfe_xROz3IgcdKxUc6tfaZVhwusbJmuEx49w5OLXElZglmhpcaArwmEALw_wcB,google,search,lo_nuestro@live.com.mx,,
37BBBBB00562977,Rodrigo,Posadas,,25/06/1982,5543472618,annual,4- /confirmacion,0523_aon_tr_pf_na,DIRECT,,affiliates,rodri82@gmail.com,,
37BBBBB00562980,Lead,Test,,01/01/1988,5580211773,auto_online,/seguro-de-auto,DIRECT,DIRECT,,DIRECT,q@gmail.com,2023,BALENO GLS L4 IMP STD 5 ABS CA CE TELA CD SQ CB
37BBBBB00562983,Cesar Roberto,Hernandez,Urquizu,10/09/1995,8711365642,annual,3- /confirmacion,0223_ao_tra_cat,Cj0KCQjw2qKmBhCfARIsAFy8buKSXr0SoqYTw4EeLtbUxX4XrReKHEc2NMn8-ZhJjPcgLmmJRZmkz7oaAuZ3EALw_wcB,,search,cesar95.es@gmail.com,,
37BBBBB00562986,Abi,Prueba,,29/07/1992,4423212190,auto_ejecutivos,/seguro-de-auto-ejecutivos,DIRECT,DIRECT,,DIRECT,abi_jesus@gmail.com,2018,PICK UP FRONTIER  LE 4X2  1T  L4  STD  4  ABS  CA  CE  CD  CB
37BBBBB00562989,Test,Test,,13/06/1976,6672662100,auto_online,2- /planes-auto,DIRECT,DIRECT,,DIRECT,asdf@gmail.com,2006,CORSA SEDAN PAQ D L4 IMP AUT 4 D/T CA CE TELA CD SQ CB
