ID, Nombre, Apellido paterno, Apellido materno, Fecha de nacimiento, Telefono, Categoria, Bounce funnel, Campaign, Gclid, Source, Medium, email, auto_year, model_brand_version
37BBBBB00563013,Cesar,Cortes,,13/06/1989,5567377983,single,3- /planes,0223_ao_tra_cat,Cj0KCQjw2qKmBhCfARIsAFy8buLiVsnRlcN4OQKEiWxZnQMuTLFUZTJQK7mCIuPUBsGKWJb3jAlw0d0aAk8fEALw_wcB,,search,cesarcortesueem@gmail.com,,
37BBBBB00563016,Miguel,Angel,,09/08/1972,3511227411,auto_ejecutivos,/seguro-de-auto-ejecutivos,DIRECT,DIRECT,IMPULSE,INBOUND,miguelangel@yahoo.com.mx,2014,3 I HATCHBACK TOURING L4 IEM AUT 5 DIS CA CE TELA CD CQ CB
37BBBBB00563019,Ximena,Loredo,Cruz,06/03/2003,2216348752,apoyo_hospitalario,3 - /planes,0721_ao_ah_com,Cj0KCQjw2qKmBhCfARIsAFy8buKDUuams21s87XMbMGPPc8wmss9hjQO3ch4g4QJRByqGSlLowgIv7gaAlSPEALw_wcB,,search,ec101266@gmail.com,,
37BBBBB00563022,Cesar Roberto,Hernandez,Urquizu,10/09/1995,8711365642,annual,3- /confirmacion,0223_ao_tra_cat,Cj0KCQjw2qKmBhCfARIsAFy8buKSXr0SoqYTw4EeLtbUxX4XrReKHEc2NMn8-ZhJjPcgLmmJRZmkz7oaAuZ3EALw_wcB,,search,cesar95.es@gmail.com,,
37BBBBB00563025,Ericka,Cano,Olivas,26/02/1997,6561091203,annual,3- /confirmacion,0123_ao_tra_brn,Cj0KCQjw2qKmBhCfARIsAFy8buIyGRRAiZ4QT0QF6INPF5UcbDWIwJHdTFGHHjS1zyfmYwzcLpvs5rIaAn0XEALw_wcB,,search,eriolivas@hotmail.com,,
37BBBBB00563028,Carlos Aurelio,Cabanas,Cuadra,04/11/1974,5540908011,plan_de_vida,/plan-vida,DashAle_PV_V1_0723,DIRECT,AMEX-Interno,DashboardAlert,cccuadra@hotmail.com,,
