ID, Nombre, Apellido paterno, Apellido materno, Fecha de nacimiento, Telefono, Categoria, Bounce funnel, Campaign, Gclid, Source, Medium, email, auto_year, model_brand_version
37BBBBB00562992,Ernesto,Salazar,,01/08/2023,5541140849,auto_online,2- /planes-auto,DIRECT,DIRECT,,DIRECT,ernestdf@hotmail.com,2006,CORSA SEDAN PAQ D L4 IMP AUT 4 D/T CA CE TELA CD SQ CB
37BBBBB00562995,Lead,Test,,01/01/1988,5580211773,auto_online,3 - /datos-cliente,DIRECT,DIRECT,,DIRECT,q@p.om,2022,BALENO GLS L4 IMP STD 5 ABS CA CE TELA CD SQ CB
37BBBBB00562998,Rufino,Tamayo,,03/06/1993,8111111111,plan_de_vida,/plan-vida,0521_ao_pv_com,Cj0KCQjw2qKmBhCfARIsAFy8buJQnfON6x1ZONLyEAC4Q1R6KS598qaHPypT3WvZY91mSxlq5OUJrwEaAsZ_EALw_wcB,google,search,mail@mail.com,,
37BBBBB00563001,Ivonne,Robles,,10/09/1994,4431159061,amex_guard,/amex-guard,0521_ao_gd_com,Cj0KCQjw2qKmBhCfARIsAFy8buI6RSrI_IoYev0T_ykodDS4TwAdKMH0RhxJTUYA8WvUTHHQ1ZzDf8MaAuo5EALw_wcB,google,search,whatever139@gmail.com,,
37BBBBB00563004,Test,Test,,13/06/1976,6672662100,auto_online,2- /planes-auto,DIRECT,DIRECT,,DIRECT,asdf@gmail.com,2006,CORSA SEDAN PAQ D L4 IMP AUT 4 D/T CA CE TELA CD SQ CB
37BBBBB00563007,Abi,Prueba,,29/07/1990,4423236588,auto_ejecutivos,/seguro-de-auto-ejecutivos,DIRECT,DIRECT,,DIRECT,abiprueba@gmail.com,2018,VERSA ADVANCE L4 ISM AUT 4 ABS CA CE TELA CD SQ CB
37BBBBB00563010,Eva,Margarita,,callme_floatingphone,5521399341,callme_floatingphone,callme_floatingphone,0723_aon_aut_pf_na,Cj0KCQjw2qKmBhCfARIsAFy8buJwY08oGaRoDqOGlrXh1i56gfcIpNufQ1Ym4uzQ-eqMxXE7tJUt-ogaAqhtEALw_wcB,google,direct,,,
