ID, Nombre, Apellido paterno, Apellido materno, Fecha de nacimiento, Telefono, Categoria, Bounce funnel, Campaign, Gclid, Source, Medium, email, auto_year, model_brand_version
37BBBBB00562935,Lead,Test,,01/01/1988,5580211773,auto_online,/seguro-de-auto,DIRECT,DIRECT,,DIRECT,q@o.com,2023,BALENO GLS L4 IMP STD 5 ABS CA CE TELA CD SQ CB
37BBBBB00562938,,,,callme_floatingphone,7223515157,callme_floatingphone,callme_floatingphone,HomePage_icono_Seguros_1121,Cj0KCQjw2qKmBhCfARIsAFy8buLMqrnUObPFhn9kZbJHn7PG9I1DDGUKjKw1PGDYWAkv147ZPWFpG_4aAi5fEALw_wcB,AMEX-Interno,HomePage,,,
37BBBBB00562941,Miguel,Angel,Chapa,12/10/1977,8119183009,auto_ejecutivos,/seguro-de-auto-ejecutivos,DIRECT,DIRECT,IMPULSE,OUTBOUND,miguelchapa@gmail.com,2019,CIVIC I STYLE L4 IMP AUT 4 ABS CA CE TELA SM SQ CB
37BBBBB00562944,Marisol De La,Maza,Pizzuto,10/01/1980,4444477160,annual,2 - /sms,0523_aon_tr_pf_na,DIRECT,cybba,affiliates,delamazamarisol@gmail.com,,
