ID, Nombre, Apellido paterno, Apellido materno, Fecha de nacimiento, Telefono, Categoria, Bounce funnel, Campaign, Gclid, Source, Medium, email, auto_year, model_brand_version
37BBBBB00562944,Marisol De La,Maza,Pizzuto,10/01/1980,4444477160,annual,9 - /compra,0523_aon_tr_pf_na,DIRECT,,affiliates,delamazamarisol@gmail.com,,
37BBBBB00562956,Rodrigo,Posadas,,25/06/1982,5543472618,single,8 - /pago,Promo_Interstitial_TP_1022,DIRECT,,Interstitial,rodri82@gmail.com,,
37BBBBB00562959,Nombre,Nombre,,10/10/1980,2312212312,auto_ejecutivos,/seguro-de-auto-ejecutivos,DIRECT,DIRECT,,DIRECT,asdf@gmail.com,2006,CORSA SEDAN PAQ D L4 IMP AUT 4 D/T CA CE TELA CD SQ CB
37BBBBB00562962,Juan,Te,Llamas,13/08/1988,5556581111,auto_online,/seguro-de-auto,Interstitial_Auto_0823,Cj0KCQjwj_ajBhCqARIsAA37s0wjUq9gRCMAbU0epud-HQ9G1-1L8EsJWZXXqNI5t0Y6_kq30cL7vq0aAlPBEALw_wcB,AMEX-Interno,Interstitial,chup@lacorneta.com,2022,CR-V TOURING L4 IMP AUT 4 ABS CA CE PIEL SM CQ CB
37BBBBB00562965,Juana Maria,Noriega,Garcia,09/12/1946,8442183547,single,2 - /sms,DIRECT,DIRECT,,DIRECT,vevalucia@hotmail.com,,
37BBBBB00562968,Joshua,Gibran,,16/06/1995,8114710474,single,2 - /sms,DIRECT,DIRECT,,DIRECT,joshgp95@gmail.com,,
