ID, Nombre, Apellido paterno, Apellido materno, Fecha de nacimiento, Telefono, Categoria, Bounce funnel, Campaign, Gclid, Source, Medium, email, auto_year, model_brand_version
37BBBBB00562995,Lead,Test,,01/01/1988,5580211773,auto_online,/compra,DIRECT,DIRECT,,DIRECT,q@p.om,2022,BALENO GLS L4 IMP STD 5 ABS CA CE TELA CD SQ CB
37BBBBB00563031,Compras,Compras,,15/04/1996,6677776655,auto_online,/seguro-de-auto,Interstitial_Auto_0823,DIRECT,AMEX-Interno,Interstitial,comprasonline057@gmail.com,2006,LIBERTY LIMITED 4X2 V6 IMP AUT 4 D/T CA CE PIEL CD SQ CB
37BBBBB00563034,Eduardo,Rivera,,07/12/1991,4427945088,annual,4- /confirmacion,DIRECT,DIRECT,,DIRECT,ing.erivart@live.com,,
37BBBBB00563037,Compras,Compras,,15/04/1996,6675024216,auto_online,2- /planes-auto,Interstitial_Auto_0823,DIRECT,,Interstitial,comprasonline057@gmail.com,2006,LIBERTY LIMITED 4X2 V6 IMP AUT 4 D/T CA CE PIEL CD SQ CB
37BBBBB00563040,Ana Paula,Pla,Riley,26/03/1971,5526535317,amex_guard,3 - /planes,DIRECT,DIRECT,,DIRECT,plaanapaula@me.com,,
