{
  "liga": "https://api.dopplerrelay.com",
  "correo": "mmorales@impulse-telecom.com",
  "pass": "GtTi5VSuCrY9QmDH5RSL",
  "apikey": "anpja1yf6nvrimrxb8vw",
  "accountId": 62,
  "accountName": "impulse-telecom",
  "endPointSendMail": "https://api.dopplerrelay.com/accounts/62/messages",
  "config": {
    "from_name": "Impulse_test",
    "from_email": "reportes@impulse-telecom.com",
    "messageId": "1",
    "subject": "Envio con ciclo prueba 2",
    "text": "hola mundo",
    "html": "htmlContent",
    "headers": [
      {
        "key": "string",
        "value": "string"
      }
    ],
    "deliveryGuids": [
      "string"
    ],
    "recipients": [
      {
        "email": "faloneg349@dacgu.com",
        "name": "ImpulsePruebas",
        "type": "to"
      }
    ],
    "skip_track_opens": false,
    "skip_track_clicks": false,
    "metadata": [
      {
        "key": "string",
        "value": "string"
      }
    ],
    "sendingIPAddresses": [
      "string"
    ],
    "priority": "string"
  },
  "urlCreateTemplate": "https://api.dopplerrelay.com/accounts/62/templates",
  "createTemplate": {
    "from_name": "Amex Insurance Digital",
    "from_email": "informacionauto@segurosamex.mx",
    "subject": "Bajamos los precios. No dejes ir esta promoción.",
    "name": "envio 19 junio",
    "id": "string",
    "last_updated": "2024-04-09T03:42:43.715Z",
    "created_at": "2024-04-09T03:42:43.715Z",
    "deleted_at": "2024-04-09T03:42:43.715Z",
    "deleted": true,
    "bodyType": "rawHtml",
    "body": "",
    "thumbnail": "string"
  },
  "idTemplateMailing": "8f417e56-c2d7-4aaf-8229-3a22d71c85e6",
  "urlSendMailTemplate": "https://api.dopplerrelay.com/accounts/62/templates/",
  "sendMailTemplate": {
    "from_name": "Amex Insurance Digital",
    "from_email": "informacionauto@segurosamex.mx",
    "model": {},
    "recipients": [
      {
        "email": " ",
        "name": "",
        "type": "to"
      }
    ],
    "skip_track_opens": false,
    "skip_track_clicks": false,
    "metadata": [
      {
        "key": "string",
        "value": "string"
      }
    ],
    "sendingIPAddresses": [
      "string"
    ],
    "priority": "string"
  },
  "ASISTENCIA_IMPULSE": {
    "from_name": "Impulse",
    "from_email": "reportes@impulse-telecom.com",
    "messageId": "1",
    "subject": "Reporte asistencia Impulse ITM",
    "text": "Reporte asistencia",
    "html": "<h1>Reporte asistencia<h1/> ",
    "headers": [
      {
        "key": "string",
        "value": "string"
      }
    ],
    "deliveryGuids": [
      "string"
    ],
    "recipients": [
      {
        "email": "msaucedo@impulse-telecom.com",
        "name": "Martin Saucedo",
        "type": "to"
      },
      {
        "email": "rsanchez@impulse-telecom.com",
        "name": "Raul Sanchez",
        "type": "to"
      },
      {
        "email": "hvillanueva@impulse-telecom.com",
        "name": "Humberto Villanueva",
        "type": "to"
      },
      {
        "email": "dtrejo@impulse-telecom.com",
        "name": "Daniel Trejo",
        "type": "to"
      },
      {
        "email": "mcazares@impulse-telecom.com",
        "name": "Marco",
        "type": "cc"
      }
    ],
    "skip_track_opens": false,
    "skip_track_clicks": false,
    "metadata": [
      {
        "key": "string",
        "value": "string"
      }
    ],
    "sendingIPAddresses": [
      "string"
    ],
    "priority": "string",
    "attachments": [
      {
        "content_type": "text/csv",
        "base64_content": "base64_content",
        "filename": "asistencia.csv"
      }
    ]
  }
}