{
  "configMail": {
    "host": "mail.impulse-telecom.com.mx",
    "port": 587,
    "secure": false,
    "auth": {
      "user": "reportes@impulse-telecom.com",
      "pass": "R3p0rt32016"
    },
    "tls": {
      "rejectUnauthorized": false
    }
  },

  "mailOptions": {
    "from": "\"Impulse\" <reportes@impulse-telecom.com>",
    "to": "dtrejo@impulse-telecom.com",
    "cc": "dsa@impulse-telecom.com",
    "subject": "REPORTE DE ASISTENCIA",
    "html": "<h1> Hola mundo </h1>"
  },

  "configMailDigital": {
    "host": "mail.segurosamex.mx",
    "port": 587,
    "secure": false,
    "auth": {
      "user": "informacionauto@segurosamex.mx",
      "pass": "Dm#D0-DO?8K?"
    },
    "tls": {
      "rejectUnauthorized": false
    }
  },
  "mailOptionsDigital": {
    "from": "\"AMEX AUTO\" <informacionauto@segurosamex.mx>",
    "to": "",
    "cc": "",
    "subject": "Liga marcacion auto",
    "html": "<h1> Hola mundo </h1>"
  }
}

