<?xml version="1.0" encoding="UTF-8"?>
<project-private xmlns="http://www.netbeans.org/ns/project-private/1">
    <editor-bookmarks xmlns="http://www.netbeans.org/ns/editor-bookmarks/1">
        <file>
            <url>includes/rfc.inc.php</url>
            <line>516</line>
        </file>
        <file>
            <url>includes/js/jsCode.js</url>
            <line>2333</line>
        </file>
    </editor-bookmarks>
    <editor-bookmarks xmlns="http://www.netbeans.org/ns/editor-bookmarks/2" lastBookmarkId="0">
        <file>
            <url>includes/rfc.inc.php</url>
            <bookmark id="0">
                <name/>
                <line>516</line>
                <key/>
            </bookmark>
        </file>
        <file>
            <url>includes/js/jsCode.js</url>
            <bookmark id="0">
                <name/>
                <line>0</line>
                <key/>
            </bookmark>
        </file>
    </editor-bookmarks>
    <open-files xmlns="http://www.netbeans.org/ns/projectui-open-files/2">
        <group name="Varios">
            <file>file:/mnt/new_greco/sicall/invex/modules/agentes/busqueda_cp.php</file>
        </group>
        <group name="Generales"/>
        <group name="Sicall Web">
            <file>file:/mnt/new_greco/sicall/invex11g/index2.php</file>
            <file>file:/mnt/new_greco/sicall/invex11g/includes/menu.inc.php</file>
            <file>file:/mnt/new_greco/sicall/invex11g/includes/layout.inc.php</file>
        </group>
        <group name="Java Generales"/>
        <group name="WebSicall"/>
        <group name="Sicall Producción"/>
        <group name="WebPhone">
            <file>file:/mnt/sicall/greco70/sicall/invex11g/includes/js/jsCode.js</file>
            <file>file:/mnt/sicall/greco70/sicall/invex11g/includes/layout.inc.php</file>
            <file>file:/mnt/sicall/greco70/sicall/invex11g/index2.php</file>
        </group>
        <group name="Web Phone"/>
        <group name="Web sicall's">
            <file>file:/mnt/greco_nuevo/sicall/invex11g/modules/agentes/process_data.php</file>
            <file>file:/mnt/greco_nuevo/sicall/invex11g/modules/agentes/agentes.inc.php</file>
        </group>
        <group name="Aplicaciones">
            <file>file:/home/jlara/www/greco_nuevo/sicall/invex11g/modules/agentes/cuestionario_3.xml</file>
        </group>
        <group name="Web Sicall">
            <file>file:/home/jlara/www/greco_70/sicall/invex11g/modules/agentes/process_data.php</file>
            <file>file:/home/jlara/www/greco_70/sicall/invex11g/modules/agentes/agentes.inc.php</file>
            <file>file:/home/jlara/www/greco_70/sicall/invex11g/modules/agentes/index.php</file>
        </group>
        <group name="Sicall"/>
        <group name="sicall's">
            <file>file:/mnt/greco_nuevo/sicall/invex11g/modules/agentes/process_data.php</file>
            <file>file:/mnt/greco_nuevo/sicall/invex11g/modules/agentes/agentes.inc.php</file>
        </group>
        <group name="Sicall's Desarrollo"/>
        <group name="Presents"/>
        <group name="websicall's"/>
        <group name="Group 20160811-05:59:41">
            <file>file:/home/adurand/www/Desarrollo/sicall/invex11g/includes/js/jsCode.js</file>
        </group>
        <group name="Sicall DSA"/>
        <group name="Web Service">
            <file>file:/home/jlara/www/Desarrollo/sicall/invex11g/includes/layout.inc.php</file>
            <file>file:/home/jlara/www/Desarrollo/sicall/invex11g/includes/menu.inc.php</file>
        </group>
        <group name="Checador_WEB">
            <file>file:/home/adurand/www/Desarrollo/sicall/invex11g/includes/openConnection.php</file>
            <file>file:/home/adurand/www/Desarrollo/sicall/invex11g/includes/functions.inc.php</file>
            <file>file:/home/adurand/www/Desarrollo/sicall/invex11g/includes/db.inc.php</file>
            <file>file:/home/adurand/www/Desarrollo/sicall/invex11g/modules/agentes/process_data.php</file>
            <file>file:/home/adurand/www/Desarrollo/sicall/invex11g/modules/agentes/cuestionario.php</file>
            <file>file:/home/adurand/www/Desarrollo/sicall/invex11g/includes/utils.inc.php</file>
            <file>file:/home/adurand/www/Desarrollo/sicall/invex11g/includes/js/jsCode.js</file>
            <file>file:/home/adurand/www/Desarrollo/sicall/invex11g/includes/includes.inc.php</file>
            <file>file:/home/adurand/www/Desarrollo/sicall/invex11g/includes/session.inc.php</file>
            <file>file:/home/adurand/www/Desarrollo/sicall/invex11g/modules/agentes/agentes.inc.php</file>
        </group>
        <group name="Invex"/>
        <group name="Juegos"/>
        <group name="Insurance"/>
        <group name="Otros Aplicativos"/>
        <group name="Correos Automaticos">
            <file>file:/home/jlara/www/Desarrollo/sicall/invex11g/includes/js/jsCode.js</file>
        </group>
        <group name="Migracion Calidad"/>
        <group name="BUPA"/>
        <group name="Sicall's"/>
        <group/>
    </open-files>
</project-private>
