[
  {
    "NOMBRE_ASEGURADO": "USER",
    "CORREO_ELECTRONICO": "jkarlozgg@outlook.com"
  },
  {
    "NOMBRE_ASEGURADO": "USER",
    "CORREO_ELECTRONICO": "gabriela.fabila1@aexp.com"
  },
  {
    "NOMBRE_ASEGURADO": "USER",
    "CORREO_ELECTRONICO": "daniela.orozcoreynoso@aexp.com"
  },
  {
    "NOMBRE_ASEGURADO": "USER",
    "CORREO_ELECTRONICO": "balegria@impulse-telecom.com"
  },
  {
    "NOMBRE_ASEGURADO": "USER",
    "CORREO_ELECTRONICO": "Ludwing.Jimenez@aexp.com"
  },
  {
    "NOMBRE_ASEGURADO": "USER",
    "CORREO_ELECTRONICO": "rosauracano985@icloud.com"
  },
  {
    "NOMBRE_ASEGURADO": "USER",
    "CORREO_ELECTRONICO": "cgomez@impulse-telecom.com"
  },
  {
    "NOMBRE_ASEGURADO": "USER",
    "CORREO_ELECTRONICO": "javila@impulse-telecom.com"
  }
]