ID, Nombre, Apellido paterno, Apellido materno, Fecha de nacimiento, Telefono, Categoria, Bounce funnel, Campaign, Gclid, Source, Medium, email, auto_year, model_brand_version
37BBBBB00557958,Lead,Test,,01/01/1988,5580211773,auto_ejecutivos,/seguro-de-auto-ejecutivos,DIRECT,DIRECT,GCPMoveIt,Mailing,q@q.com,2022,BALENO GLE PLUS L4 IMP AUT 5 ABS CA CE TELA SM SQ CB
37BBBBB00557961,Saul,Lopez,Paramo,20/11/2002,5578014866,student,3- /confirmacion,0223_ao_tra_cat,CjwKCAjwzo2mBhAUEiwAf7wjkkw6liLlyTxO__77c4yiOfnx63tQrlMymPHryl88Ssz_Enc_ioEFuBoCX4wQAvD_BwE,,search,318038304@fa.unam.mx,,
37BBBBB00557964,Lead,Test,,01/01/1988,5580211773,auto_online,/seguro-de-auto,DIRECT,DIRECT,GCPMoveIt,Mailing,q@q.com,2023,BALENO GLX L4 IMP AUT 5 ABS CA CE TELA SM SQ CB
37BBBBB00557967,Lead,Test,,01/01/1988,5580211773,auto_online,/seguro-de-auto,DIRECT,DIRECT,GCPMoveIt,Mailing,q@q.com,2023,BALENO GLX L4 IMP AUT 5 ABS CA CE TELA SM SQ CB
